id,categoryId,difficulty,question,explanation,tags,c1_text,c1_isCorrect,c2_text,c2_isCorrect,c3_text,c3_isCorrect,c4_text,c4_isCorrect
q_001,rules,1,サーブを打つとき、ボールをバウンドさせる位置はどこですか？,サーブは必ずサービスラインの後ろから、コート内にボールをワンバウンドさせてから打ちます。,"serve,basic",サービスラインの後ろ,TRUE,サービスラインの前,FALSE,どこでもよい,FALSE,,
q_002,rules,1,サーブを打つときの正しい高さは？,サーブは必ず「腰の高さ以下の位置」で打たなければなりません。,"serve,basic",腰より下,TRUE,肩より下,FALSE,頭より下,FALSE,,
q_003,terminology,1,「レボテ（Rebote）」とはどういう意味ですか？,スペイン語で「跳ね返り」という意味で、壁に当たって跳ね返ってきたボールを打つことを指します。,"terminology,wall",壁を使ったショット,TRUE,スマッシュのこと,FALSE,ボレーのこと,FALSE,,
q_004,terminology,1,「バンデッハ」はどんな時に打つショットですか？,ネットプレー中に相手からロブを打たれ、後ろに下がりながらつなぐための守備的なスマッシュに似たショットです。,"terminology,shots",ロブで頭を抜かれそうな時,TRUE,チャンスボールが来た時,FALSE,相手がネットに詰めている時,FALSE,,
q_005,tactics,2,パデルにおける「ロブ」の主な役割はどれですか？,パデルではネットポジションを取ることが非常に有利です。ロブを使って相手を後ろに下げさせ、自分たちがネットにつくのが基本戦術です。,"tactics,lob",陣形を整え、ネットを取るため,TRUE,エース（一発得点）を狙うため,FALSE,相手を疲れさせるため,FALSE,,
q_006,terminology,1,「ビボラ（Víbora）」とはどのようなショットですか？,スペイン語で「マムシ（毒蛇）」を意味し、ボールの横を捉えて強烈なスライス回転をかけ、コートや壁で低く滑らせる攻撃的なショットです。,"terminology,vibora",横回転（スライス）をかけたスマッシュ,TRUE,縦回転（トップスピン）をかけたスマッシュ,FALSE,無回転で落とすドロップショット,FALSE,壁を使った守備的なロブ,FALSE
q_007,terminology,1,「チキータ（Chiquita）」とはどのようなショットですか？,スペイン語で「小さい」を意味し、ネット前にいる相手の足元へ山なりに落として、相手に下から打たせる（＝自分たちが攻撃に転じる）ための戦術的なショットです。,"terminology,chiquita",相手の足元にポトンと落とす緩いショット,TRUE,相手の頭上を抜く高いロブ,FALSE,力いっぱい打つ強烈なスマッシュ,FALSE,壁に強くぶつけるショット,FALSE
q_008,terminology,1,「ドブレ（Doble）」または「ドブレパレード」とは何のことですか？,コーナー付近で、ボールが「横の壁→後ろの壁」または「後ろの壁→横の壁」と、連続して2つの壁にバウンドする状況を指します。,"terminology,walls",ボールが側面と後方の2つの壁に連続して当たること,TRUE,ボールが2回バウンドして失点になること,FALSE,2回連続でフォールトして失点になること,FALSE,ペアで同時にボールを打ってしまうこと,FALSE
q_009,terminology,1,「コントラパレード（Contrapared）」とはどのような打ち方ですか？,ボールが後ろの壁に深く入り込んでしまった等、通常のスイングで返球できない緊急時に、自分側の壁にボールを思い切りぶつけてその跳ね返りを利用し、相手コートへ高く返す技術です。,"terminology,contrapared",自分側のガラス（壁）に向かって力強く打ち、相手コートへ返すこと,TRUE,相手のスマッシュをダイレクトで打ち返すこと,FALSE,ボールが壁に当たる前にノーバウンドで打つこと,FALSE,ネットすれすれにボールを落とすこと,FALSE
q_010,terminology,2,「レマテ（Remate）」とは何のことですか？,スペイン語で「スマッシュ」を意味します。パデルでは単なるスマッシュを「レマテ」と呼び、さらに球種によってバンデッハやビボラ等に細分化されます。,"terminology,remate",スマッシュ全般のこと,TRUE,サーブのこと,FALSE,ボレー全般のこと,FALSE,ラリーの再開のこと,FALSE
q_011,terminology,2,「ポル・トレス（Por tres）」と呼ばれるスーパープレイはどんな状態ですか？,「Por tres（3を通って）」という意味で、スマッシュしたボールが相手コートでバウンドした後、横側にある高さ3メートルの金網を越えてコート外に出る（得点が確定する）豪快なプレイです。,"terminology,portres",打ったスマッシュがバウンド後、高さ3mの横のフェンスを越えて外へ出ること,TRUE,打ったボールが3回連続で壁に当たってから相手コートに入ること,FALSE,1回のラリーで3回のスマッシュを打つこと,FALSE,3歩以内でコートの端から端へ移動すること,FALSE
q_012,terminology,2,「ポル・クアトロ（Por cuatro）」と呼ばれるスーパープレイはどんな状態ですか？,「Por cuatro（4を通って）」という意味で、スマッシュしたボールが相手コートでバウンドした後、後方にある高さ4メートルのガラスや金網を越えて真後ろに飛び出す超強力なプレイです。,"terminology,porcuatro",打ったスマッシュがバウンド後、高さ4mの後ろの壁を越えて外へ出ること,TRUE,コートの4隅すべてにボールをバウンドさせること,FALSE,4人で同時にボールを打つこと,FALSE,4回連続で壁に当たること,FALSE
q_013,terminology,1,「バハーダ・デ・パレード（Bajada de pared）」とはどのようなショットですか？,スペイン語で「壁の降下」を意味します。自分の後ろの壁から高く跳ね返ってきたチャンスボールに対して、高い打点から相手コートへ鋭く打ち降ろす攻撃的なショットです。,"terminology,bajada",壁から高く跳ね返ってきたボールを、上から下へ攻撃的に打ち降ろすこと,TRUE,壁から跳ね返ってきたボールを、優しくロブで返すこと,FALSE,相手の足元へボールを落とすこと,FALSE,壁に当たる前にボールを打つこと,FALSE
q_014,terminology,1,「グロッボ（Globo）」とは何のことですか？,スペイン語で「風船」を意味し、テニスやパデルにおける「ロブ（高く山なりに上げるショット）」のことです。パデルにおいて最も重要で多用されるショットの一つです。,"terminology,globo",ロブのこと,TRUE,ボレーのこと,FALSE,ドロップショットのこと,FALSE,ネットのこと,FALSE
q_015,rules,2,パデルで「失点（相手の得点）」になってしまうケースはどれですか？（複数選択可）,パデルはテニス同様「相手のコートに一度バウンドさせてから壁に当てる」必要があります。直接壁に当てたり、ノーバウンドでボールが体に当たったりすると失点となります。,"rules,multiple",打ったボールが直接、相手コートの壁にあたった,TRUE,打ったボールがノーバウンドのまま味方に当たった,TRUE,相手の打ったボールを、ノーバウンド（ボレー）で返球した,FALSE,サーブが2回連続でフォルトになった（ダブルフォルト）,TRUE
q_016,tactics,2,パデルの基本的な「守備のセオリー」に当てはまるものはどれですか？（複数選択可）,パデルは「センターに集めて角度をつけさせない」「ロブで相手を下げてネットを取る」のが超基本です。強打やノーバウンド返球ばかりでは逆にミスが増えてしまいます。,"tactics,multiple",相手がネットにいる場合は、ロブを上げて陣形を下げる,TRUE,常に強いボールを打ってエースを狙う,FALSE,センター（コートの中央）にボールを集める,TRUE,壁から離れて、全てノーバウンドで打ち返す,FALSE
q_017,rules,1,試合中に水分補給をしてよいタイミングはいつですか？,基本的にはチェンジコート時やポイント間の自然な間で水分補給が可能です。長く試合を止めすぎないことがマナーです。,"rules,match",チェンジコートやポイント間,TRUE,ラリー中でも自由に飲める,FALSE,サーブのトス中,FALSE,飲んではいけない,FALSE
q_018,rules,1,サーブの順番を間違えてしまった場合、どうするのが正しいですか？,気づいた時点で正しい順番に戻します。すでに終わったポイントは原則そのまま有効です。,"rules,serve,match",気づいた時点で正しい順番に戻す,TRUE,最初からそのゲームをやり直す,FALSE,相手に1点入る,FALSE,そのまま最後まで続ける,FALSE
q_019,rules,1,試合中にコーチがコートの外からアドバイスをしてもよいですか？,一般的な公式試合ではコーチングは禁止または制限されていることが多いです。大会要項の確認が大切です。,"rules,tournament",大会ルールによるが基本は制限されることが多い,TRUE,いつでも自由にできる,FALSE,絶対に禁止されている,FALSE,選手1人につき1回だけ可能,FALSE
q_020,tactics,1,相手が2人ともネットについている時の基本的な選択はどれですか？,相手がネットにいる時は足元かロブが基本です。特に初心者はまずロブで時間を作るのが安全です。,"tactics,lob,net",ロブで相手を後ろに下げる,TRUE,強打で真正面を抜く,FALSE,必ずドロップショットを打つ,FALSE,壁に直接ぶつける,FALSE
q_021,tactics,2,味方と2人で守備をする時の基本ポジションはどれですか？,守備時は2人で横並びになり、センターを意識してカバーするのが基本です。,"tactics,position",横並びでセンターを意識する,TRUE,前後に縦並びになる,FALSE,1人は必ずネットに出る,FALSE,片側に2人とも寄る,FALSE
q_022,terminology,1,「ボレー（Volea）」とはどのタイミングで打つショットですか？,ボールが地面にバウンドする前にノーバウンドで打つショットです。ネット前で多用されます。,"terminology,volley",バウンドする前に打つ,TRUE,壁に当たった後に打つ,FALSE,2バウンド後に打つ,FALSE,必ずスマッシュで打つ,FALSE
q_023,rules,2,相手の打球が自分コートで1回バウンドした後、自分側の壁に当たりました。返球できますか？,パデルでは自分コートで1バウンドした後に壁を使って返球することができます。これがパデルの大きな特徴です。,"rules,walls",返球できる,TRUE,失点になる,FALSE,必ずロブで返さなければならない,FALSE,味方しか打てない,FALSE
q_024,tactics,2,初心者がラリーを安定させるために最も大切な考え方はどれですか？,まずは速い球よりも「相手コートに返し続けること」が大切です。続ける中でコースやショットを覚えていきます。,"tactics,beginner",速さより続けることを優先する,TRUE,毎回強打する,FALSE,必ず決め球を狙う,FALSE,全てノーバウンドで返す,FALSE
q_025,rules,2,サーブがネットに当たって正しいサービスボックスに入った場合はどうなりますか？,パデルでもテニス同様レットとなり、打ち直しです。,"rules,serve",レットで打ち直し,TRUE,そのままイン,FALSE,失点,FALSE,相手のポイント,FALSE
q_026,tactics,2,味方がロブを上げた後、自分たちが次に意識すべきことは何ですか？,ロブで時間を作った後は2人で前に入り、ネットポジションを取るのが基本戦術です。,"tactics,lob,net",2人で前に詰めてネットを取る,TRUE,その場から動かない,FALSE,1人だけ前に出る,FALSE,後ろにさらに下がる,FALSE
q_027,match_easy,1,試合開始前、相手ペアに最初にすることは何ですか？,まずは笑顔で挨拶をしましょう。初心者大会では雰囲気づくりもとても大切です。,"match,easy,manner",笑顔で挨拶する,TRUE,すぐにサーブを打つ,FALSE,無言で立つ,FALSE,先に練習を始める,FALSE
q_028,match_easy,1,試合前のアップ（練習ラリー）はできますか？,多くの大会では試合前に数分の練習時間があります。大会要項を確認しましょう。,"match,easy,warmup",できることが多い,TRUE,絶対にできない,FALSE,審判がいる時だけできる,FALSE,相手が上級者ならできない,FALSE
q_029,match_easy,1,試合中にスコアが分からなくなったらどうしますか？,焦らず相手ペアに確認して大丈夫です。初心者大会ではよくあることです。,"match,easy,score",相手に確認する,TRUE,適当に続ける,FALSE,1ポイントやり直す,FALSE,試合を終了する,FALSE
q_030,match_easy,1,ボールがコートの外に出てしまった時はどうしますか？,安全を確認して取りに行きましょう。隣コートに入る時は一声かけると丁寧です。,"match,easy,manner",安全を見て取りに行く,TRUE,そのまま放置する,FALSE,相手に取りに行かせる,FALSE,新しいボールを使う,FALSE
q_031,match_easy,1,試合中にミスをしてしまった時、一番大切なことは？,1ポイントで試合は決まりません。切り替えて次のポイントに集中しましょう。,"mental,easy",すぐ切り替える,TRUE,謝り続ける,FALSE,落ち込んで動かない,FALSE,無理に強打する,FALSE
q_032,match_easy,1,パートナーがミスをした時の声かけで良いものはどれですか？,ポジティブな声かけがペア競技ではとても大切です。,"mental,pair,easy",ドンマイ、次いこう,TRUE,なんで今のミスしたの？,FALSE,無言で責める,FALSE,ため息をつく,FALSE
q_033,match_easy,1,チェンジコートはいつ行いますか？,基本的には奇数ゲーム終了時に行います。初心者大会では案内があることも多いです。,"match,easy,rule",奇数ゲーム終了時,TRUE,毎ポイント,FALSE,毎ゲーム,FALSE,試合終了時のみ,FALSE
q_034,match_easy,1,サーブを打つ順番に自信がない時はどうする？,試合前にペアで確認しておくと安心です。迷ったら相手に確認しても問題ありません。,"serve,easy",試合前にペアで確認する,TRUE,その場で適当に決める,FALSE,毎回変える,FALSE,相手に決めてもらう,FALSE
q_035,match_easy,1,試合前に一番確認しておくと安心なのは？,サーブ順・レシーブ位置・最初の立ち位置は必ず確認しておきましょう。,"match,easy,before",サーブ順と立ち位置,TRUE,ウェアの色,FALSE,ラケットの重さ,FALSE,スマホの通知,FALSE
q_036,match_easy,1,ポイント間で味方と話してよいですか？,短く作戦確認や励ましの会話をするのはとても良いことです。,"pair,easy",短く話してOK,TRUE,絶対話してはいけない,FALSE,毎回長く相談する,FALSE,相手にだけ話す,FALSE
q_037,match_easy,1,相手のボールがインかアウトか迷った時は？,迷った時は相手に有利（イン）で判断するのがマナーです。,"match,easy,fairplay",迷ったらイン,TRUE,必ずアウトにする,FALSE,やり直しにする,FALSE,無視して続ける,FALSE
q_038,match_easy,1,初めての大会で一番大事な目標は？,まずは勝敗より「楽しんで経験すること」が一番大切です。,"mental,easy",楽しんで経験する,TRUE,全勝する,FALSE,強打だけする,FALSE,絶対ミスしない,FALSE
q_039,match_easy,1,緊張して体が動かない時に意識することは？,最初はシンプルに返球を続けることを目標にすると楽になります。,"mental,easy,start",まず返し続ける,TRUE,全部決めにいく,FALSE,前に出ない,FALSE,壁を使わない,FALSE
q_040,match_easy,1,試合前にボール交換はできますか？,基本的に試合球を使って試合前に軽く感触を確認できます。大会によって異なります。,"match,easy,ball",軽く確認できることが多い,TRUE,絶対できない,FALSE,試合後だけできる,FALSE,自分のボールのみ使う,FALSE
q_041,match_easy,1,試合中に疲れた時に意識したいことは？,無理に決めようとせず、ロブで時間を作るのが基本です。,"match,easy,tactics",ロブで時間を作る,TRUE,毎回強打,FALSE,全部ボレー,FALSE,走るのをやめる,FALSE
q_042,match_easy,1,相手が強そうに見えた時に大切な考え方は？,見た目よりもまず1ポイントずつ集中することが大切です。,"mental,easy",1ポイントずつ集中する,TRUE,最初から諦める,FALSE,無理に攻める,FALSE,ミス待ちだけする,FALSE
q_043,match_easy,1,パートナーとぶつからないために大切なのは？,センターの担当やロブ処理を事前に話しておくと安心です。,"pair,easy",事前に担当を話す,TRUE,全部自分で取る,FALSE,全部任せる,FALSE,無言で動く,FALSE
q_044,match_easy,1,大会で一番よくある初心者の失敗は？,速い球を打とうとしてミスすることが多いので、まずはつなぐ意識が大切です。,"easy,beginner",速さを求めすぎること,TRUE,ロブを使うこと,FALSE,声を出すこと,FALSE,水を飲むこと,FALSE
q_045,match_easy,1,最初の1ゲームで大切にしたいことは？,まず相手のプレースタイルを見ることが大切です。無理に決めにいかなくてOKです。,"easy,start",相手を見る,TRUE,全部強打,FALSE,必ず前に出る,FALSE,全部ロブ,FALSE
q_046,match_easy,1,試合後にまずすることは？,相手ペア・パートナーにお礼を伝えましょう。とても大切なマナーです。,"easy,manner,end",お礼を伝える,TRUE,すぐ帰る,FALSE,結果だけ確認する,FALSE,片付けをしない,FALSE
q_047,match_rules,1,相手の打球が自分コートで1回バウンドした後、後ろのガラスに当たりました。返球できますか？,パデルでは1バウンド後に自分側の壁を使って返球できます。これが基本ルールです。,"rules,wall,match",返球できる,TRUE,失点になる,FALSE,必ずロブで返す,FALSE,味方しか打てない,FALSE
q_048,match_rules,1,相手の打球をノーバウンドで打ち返しました。これは有効ですか？,ノーバウンドで返球するボレーは有効です。ただしネットに触れないよう注意が必要です。,"rules,volley",有効,TRUE,失点,FALSE,サーブ時のみ有効,FALSE,味方しかできない,FALSE
q_049,match_rules,1,打ったボールが相手コートでバウンドせず、直接壁に当たりました。どうなりますか？,相手コートにまず1回バウンドしないと失点です。直接壁はアウトです。,"rules,wall",失点,TRUE,そのまま続行,FALSE,やり直し,FALSE,相手が返せば有効,FALSE
q_050,match_rules,1,味方にボールがノーバウンドで当たってしまいました。どうなりますか？,味方の体やラケットにノーバウンドで当たった場合は失点になります。,"rules,pair",失点,TRUE,続行,FALSE,やり直し,FALSE,相手の失点,FALSE
q_051,match_rules,1,ボールがネットに当たって相手コートに入りました。ラリー中なら有効ですか？,ラリー中にネットに当たって相手コートに入れば有効です。サーブ時とは扱いが異なります。,"rules,net",有効,TRUE,失点,FALSE,必ずやり直し,FALSE,相手ポイント,FALSE
q_052,match_rules,2,相手の打球が自分コートで2回バウンドしました。どうなりますか？,2バウンドした時点で失点です。壁に当たる前後に関わらず同じです。,"rules,bounce",失点,TRUE,続行,FALSE,やり直し,FALSE,相手のミス,FALSE
q_053,match_rules,2,相手の打球が自分コートで1回バウンドした後、金網に当たりました。返球できますか？,金網もガラス同様に自分側の壁として使えます。返球可能です。,"rules,walls",返球できる,TRUE,失点,FALSE,審判確認,FALSE,サーブ時のみ可能,FALSE
q_054,match_rules,2,相手のスマッシュが自分コートでバウンド後、そのままコート外へ出ました。どうなりますか？,外へ出た時点で相手の得点です。ポル・トレスやポル・クアトロに近い状況です。,"rules,smash",相手の得点,TRUE,続行,FALSE,やり直し,FALSE,自分のポイント,FALSE
q_055,match_rules,2,自分の返球がネットに触れて相手コートに入りました。ラリーは続きますか？,ラリー中であれば有効です。ネットインでも問題ありません。,"rules,net",続く,TRUE,失点,FALSE,やり直し,FALSE,相手が選べる,FALSE
q_056,match_rules,2,ボールが相手コートで1回バウンドした後、横の金網に当たりました。これは有効ですか？,相手コートで1バウンド後に壁や金網に当たるのは有効です。,"rules,wall",有効,TRUE,失点,FALSE,やり直し,FALSE,味方の失点,FALSE
q_057,match_rules,2,自分のラケットがネットに触れてしまいました。どうなりますか？,プレー中にネットへ触れると失点です。ラケット・体とも同様です。,"rules,net",失点,TRUE,続行,FALSE,やり直し,FALSE,警告のみ,FALSE
q_058,match_rules,2,ボールが相手コートでバウンドした後、相手の体に当たりました。どうなりますか？,相手が返球前に体に当たれば自分たちの得点です。,"rules,body",自分たちの得点,TRUE,続行,FALSE,やり直し,FALSE,相手の得点,FALSE
q_059,match_rules,2,ボールが自分コートで1回バウンドした後、壁→床でもう1回跳ねました。返球できますか？,床に2回目のバウンドをした時点で失点です。壁の有無は関係ありません。,"rules,bounce",失点,TRUE,返球できる,FALSE,相手の確認次第,FALSE,やり直し,FALSE
q_060,match_rules,2,味方同士でどちらが打つか迷ってボールが落ちました。どうなりますか？,2人の間に落ちても通常通り失点です。コミュニケーションが大切です。,"rules,pair",失点,TRUE,やり直し,FALSE,相手失点,FALSE,ノーカウント,FALSE
q_061,match_rules,2,相手の打球がコート外のドアから出ました。追いかけて打ち返せますか？,大会ルールやコート仕様によりますが、外プレー可能コートでは返球できます。,"rules,outplay",できる場合がある,TRUE,絶対できない,FALSE,必ず失点,FALSE,審判のみ可能,FALSE
q_062,match_rules,2,サーブがネットに当たって正しいサービスボックスに入りました。どうなりますか？,サーブ時はレットとなり打ち直しです。,"rules,serve",レットで打ち直し,TRUE,そのままイン,FALSE,失点,FALSE,相手ポイント,FALSE
q_063,match_rules,2,相手の打球が自分コートに入る前に壁に直接当たりました。どうなりますか？,相手コート側でまず1バウンドしないと無効なので自分たちの得点です。,"rules,wall",自分たちの得点,TRUE,続行,FALSE,やり直し,FALSE,相手の得点,FALSE
q_064,match_rules,2,打球後に帽子やタオルがコート内に落ち、ボールに触れました。どうなりますか？,プレー中に持ち物がボールに影響すると失点になることがあります。持ち物管理が大切です。,"rules,equipment",失点になる,TRUE,続行,FALSE,やり直し,FALSE,警告のみ,FALSE
q_065,match_rules,2,相手の打球がネット上部のポストに当たって入りました。どうなりますか？,公式ルールではポストや支柱の扱いはコート仕様によるため大会ルール確認が必要です。,"rules,court",大会ルール確認,TRUE,必ずイン,FALSE,必ずアウト,FALSE,やり直し,FALSE
q_066,match_rules,2,ラリー中に隣コートからボールが入ってきました。どうしますか？,安全のためポイントを止めてレット（やり直し）にすることが一般的です。,"rules,safety",ポイントを止めてやり直す,TRUE,そのまま続ける,FALSE,相手の失点,FALSE,自分の失点,FALSE
q_067,foul_manner,1,ラリー中にラケットがネットに触れてしまいました。どうなりますか？,プレー中にラケットや体がネットに触れると失点です。初心者が意外とやりがちな反則です。,"foul,net,manner",失点になる,TRUE,そのまま続行,FALSE,やり直し,FALSE,警告だけ,FALSE
q_068,foul_manner,1,ポイント間に相手がサーブ準備をしているのに長く話し込んでしまいました。これはどうですか？,ポイント間は短く行動し、試合進行を妨げないのがマナーです。,"manner,time",よくないマナー,TRUE,問題ない,FALSE,相手の失点,FALSE,自分の得点,FALSE
q_069,foul_manner,1,インかアウトか微妙なボールを、はっきり見えていないのにアウトとコールしました。どうですか？,見えていない場合は相手に有利（イン）で判断するのが基本マナーです。,"manner,fairplay",よくないマナー,TRUE,問題ない,FALSE,正しい判断,FALSE,必ずやり直し,FALSE
q_070,foul_manner,1,味方がミスした時にため息をついたり責める発言をしました。これは？,ペア競技では雰囲気づくりが重要です。責める言動は大きなマナー違反になりやすいです。,"manner,pair",よくないマナー,TRUE,問題ない,FALSE,正しい声かけ,FALSE,相手の失点,FALSE
q_071,foul_manner,1,隣コートにボールが転がったのに声をかけずに取りに行きました。どうですか？,隣コートに入る時は必ず「すみません」「ボール失礼します」と声をかけるのがマナーです。,"manner,safety",よくないマナー,TRUE,問題ない,FALSE,正しい行動,FALSE,失点になる,FALSE
q_072,foul_manner,1,サーブの前に相手がまだ構えていないのに打ってしまいました。これは？,相手の準備を確認してからサーブするのがマナーです。,"manner,serve",よくないマナー,TRUE,正しい,FALSE,相手失点,FALSE,やり直しのみ,FALSE
q_073,foul_manner,1,ポイントが終わった後も喜びすぎて相手を煽るような態度を取りました。どうですか？,喜ぶのはOKですが、相手への配慮を欠く行動はマナー違反です。,"manner,respect",よくないマナー,TRUE,問題ない,FALSE,推奨される,FALSE,相手の失点,FALSE
q_074,foul_manner,1,味方のボールを無理に横から取りに行ってぶつかりそうになりました。これは？,「任せた」「自分が行く」など声を出すのが大切です。無理に取りに行くのは危険です。,"manner,pair,safety",よくないマナー,TRUE,問題ない,FALSE,正しいプレー,FALSE,失点のみ,FALSE
q_075,foul_manner,1,サーブ順を確認せず毎回適当に打っていました。どうですか？,サーブ順の確認は試合の基本です。適当だとトラブルの元になります。,"manner,serve",よくないマナー,TRUE,問題ない,FALSE,相手の責任,FALSE,失点しない,FALSE
q_076,foul_manner,1,試合後に相手ペアへ挨拶せずにそのままコートを出ました。これは？,試合後の挨拶はとても大切なマナーです。,"manner,end",よくないマナー,TRUE,問題ない,FALSE,普通,FALSE,ルール違反ではない,FALSE
q_077,foul_manner,2,相手のミスに対して大きく喜びすぎるのはどうですか？,自分たちの良いプレーでの喜びはOKですが、相手のミスを強調するのは避けましょう。,"manner,respect",よくないマナー,TRUE,問題ない,FALSE,推奨される,FALSE,失点になる,FALSE
q_078,foul_manner,2,試合中にスマホを見ながらポイント間を過ごしました。これは？,試合進行を妨げるためマナーとして好ましくありません。,"manner,time",よくないマナー,TRUE,問題ない,FALSE,正しい,FALSE,相手失点,FALSE
q_079,foul_manner,2,ボールを相手に返す時、強く打ち返しました。どうですか？,相手へ返す時は優しく転がす・軽く投げるのがマナーです。,"manner,ball",よくないマナー,TRUE,問題ない,FALSE,推奨される,FALSE,正しい,FALSE
q_080,foul_manner,2,ポイント中に「アウト！」と大声で叫んでしまい、相手が止まってしまいました。これは？,相手プレーに影響する声は妨害と見なされることがあります。,"foul,voice",よくない,TRUE,問題ない,FALSE,相手失点,FALSE,自分の得点,FALSE
q_081,foul_manner,2,味方に指示を出しすぎて萎縮させてしまいました。どうですか？,ペア戦ではポジティブな短い声かけが大切です。指示しすぎは逆効果です。,"manner,pair",よくないマナー,TRUE,問題ない,FALSE,推奨される,FALSE,正しい,FALSE
q_082,foul_manner,2,相手のイン判定に納得いかず何度も抗議しました。これは？,確認はOKですが、しつこい抗議はマナー違反です。,"manner,fairplay",よくないマナー,TRUE,問題ない,FALSE,正しい,FALSE,相手失点,FALSE
q_083,foul_manner,2,味方がサーブ準備中にコートを歩き回っていました。どうですか？,味方の集中を妨げる行動は避けるのがマナーです。,"manner,pair",よくないマナー,TRUE,問題ない,FALSE,推奨される,FALSE,正しい,FALSE
q_084,foul_manner,2,相手のナイスショットに無反応でした。どうですか？,必須ではありませんが、良いプレーを認める姿勢はとても良いマナーです。,"manner,respect",少しもったいない,TRUE,問題ない,FALSE,失点,FALSE,反則,FALSE
q_085,foul_manner,2,チェンジコート時に荷物を広げすぎて通路を塞ぎました。どうですか？,他の選手や進行の妨げになるため避けたいマナー違反です。,"manner,safety",よくないマナー,TRUE,問題ない,FALSE,正しい,FALSE,相手失点,FALSE
q_086,foul_manner,2,試合中に「どうせ勝てない」とネガティブな発言を続けました。これは？,ペアのモチベーションを下げるためマナー面でも避けたい行動です。,"mental,pair",よくないマナー,TRUE,問題ない,FALSE,正しい,FALSE,相手の得点,FALSE
q_087,tactics_mistake,1,相手が2人ともネットにいる時、初心者が最もやりがちなミスはどれですか？,ネットにいる相手へ速い球を真正面に打つと、ボレーで簡単に返されやすいです。まずはロブで下げるのが基本です。,"tactics,mistake,lob",真正面に強打する,TRUE,ロブを上げる,FALSE,足元を狙う,FALSE,センターに返す,FALSE
q_088,tactics_mistake,1,守備の場面で一番やりがちなミスは？,壁を使えば返せるボールを無理にノーバウンドで触ってしまいミスすることが多いです。,"tactics,mistake,wall",無理にノーバウンドで打つ,TRUE,壁を使って返す,FALSE,ロブで返す,FALSE,センターに返す,FALSE
q_089,tactics_mistake,1,ロブを打った後に初心者がやりがちなミスは？,ロブで時間を作った後に前へ詰めず、そのまま後ろに残ってしまうと主導権を取れません。,"tactics,mistake,net",前に詰めない,TRUE,ネットへ出る,FALSE,センターに寄る,FALSE,声をかける,FALSE
q_090,tactics_mistake,1,チャンスボールが来た時にやりがちなミスは？,決め急いで強打しすぎるとアウトやネットが増えます。まずはコース優先です。,"tactics,mistake",強打しすぎる,TRUE,コースを狙う,FALSE,相手の足元へ打つ,FALSE,センターへ返す,FALSE
q_091,tactics_mistake,1,初心者がセンターに打たずサイドばかり狙うとどうなりやすいですか？,角度をつけすぎるとアウトや反撃を受けやすくなります。センターは安定します。,"tactics,mistake,center",ミスが増える,TRUE,得点しやすい,FALSE,必ず有利になる,FALSE,相手が困る,FALSE
q_092,tactics_mistake,1,味方と2人でネットにいる時にやりがちなミスは？,2人とも片側に寄りすぎると逆サイドが空いてしまいます。,"tactics,mistake,pair",片側に寄りすぎる,TRUE,横並びを保つ,FALSE,センターを守る,FALSE,ロブを待つ,FALSE
q_093,tactics_mistake,2,相手のロブに対して初心者がやりがちな判断ミスは？,無理にスマッシュを打とうとしてミスしやすいです。まずはバンデッハでつなぐ意識が大切です。,"tactics,mistake,bandeja",無理にスマッシュする,TRUE,バンデッハでつなぐ,FALSE,ロブで返す,FALSE,センターに返す,FALSE
q_094,tactics_mistake,2,相手が守備位置にいる時、初心者がやりがちな攻めミスは？,無理にエースを狙いすぎると自滅しやすいです。まずは前を取ることが重要です。,"tactics,mistake",一発で決めようとする,TRUE,前を取る,FALSE,センターへ返す,FALSE,ロブを使う,FALSE
q_095,tactics_mistake,2,守備時に一番避けたい戦術ミスは？,2人が縦に並ぶとコートが広く空いてしまいます。守備は横並びが基本です。,"tactics,mistake,position",縦並びになる,TRUE,横並びになる,FALSE,センター寄りに立つ,FALSE,ロブを待つ,FALSE
q_096,tactics_mistake,2,味方のロブが浅かった時にやりがちなミスは？,そのまま前に出続けると相手にスマッシュされやすいです。状況を見て下がる判断が必要です。,"tactics,mistake,lob",前に出続ける,TRUE,一度下がる,FALSE,センターを守る,FALSE,壁を使う,FALSE
q_097,tactics_mistake,2,相手の足元を狙うべき場面で初心者がやりがちなミスは？,高く浮かせてしまうと逆に相手のチャンスになります。,"tactics,mistake,volley",高く浮かせる,TRUE,低く沈める,FALSE,ロブを使う,FALSE,センターへ返す,FALSE
q_098,tactics_mistake,2,ネットプレーで一番多い初心者ミスは？,ボレーを強く打ちすぎてアウトすることが多いです。まずはつなぐ意識です。,"tactics,mistake,volley",強打しすぎる,TRUE,コントロール重視,FALSE,ロブを待つ,FALSE,センターへ返す,FALSE
q_099,tactics_mistake,2,相手の強打に対してやりがちなミスは？,焦ってラケットを振りすぎるより、面を作って返す方が安定します。,"tactics,mistake,defense",振りすぎる,TRUE,面を合わせる,FALSE,ロブを打つ,FALSE,壁を使う,FALSE
q_100,tactics_mistake,2,ロブを打つ時の初心者ミスは？,浅いロブは相手のスマッシュチャンスになります。深さが大切です。,"tactics,mistake,lob",浅いロブ,TRUE,深いロブ,FALSE,センターへ打つ,FALSE,低く打つ,FALSE
q_101,tactics_mistake,2,ラリー中に一番避けたい思考ミスは？,毎回決め球を狙うとミスが増えます。まずは続ける意識です。,"mental,mistake",毎回決めようとする,TRUE,続けることを優先,FALSE,ロブを待つ,FALSE,前へ出る,FALSE
q_102,tactics_mistake,2,相手が初心者っぽい時にやりがちなミスは？,簡単に勝てると思って雑になると逆にミスが増えます。,"mental,mistake",雑になる,TRUE,丁寧に続ける,FALSE,強打する,FALSE,前に出続ける,FALSE
q_103,tactics_mistake,2,味方がミスした後にやりがちな戦術ミスは？,すぐ自分が決めようとして無理をしやすいです。落ち着いて通常プレーが大切です。,"mental,mistake,pair",無理に決めにいく,TRUE,通常プレーを続ける,FALSE,ロブを打つ,FALSE,守備に戻る,FALSE
q_104,tactics_mistake,2,相手がロブを多用してくる時の初心者ミスは？,毎回強打で返そうとしてミスしやすいです。つなぐショットが重要です。,"tactics,mistake,bandeja",毎回スマッシュする,TRUE,バンデッハで返す,FALSE,壁を使う,FALSE,センターへ返す,FALSE
q_105,tactics_mistake,2,コーナーに入ったボールで初心者がやりがちなミスは？,壁の跳ね返りを待たずに触ってしまいミスしやすいです。,"tactics,mistake,doble",早く触りすぎる,TRUE,壁を待つ,FALSE,ロブで返す,FALSE,強打する,FALSE
q_106,tactics_mistake,2,試合終盤で初心者が最もやりがちなミスは？,焦って早く決めようとし、自滅しやすいです。最後ほど丁寧にプレーしましょう。,"mental,mistake,end",焦って決め急ぐ,TRUE,丁寧に続ける,FALSE,強打する,FALSE,ロブをやめる,FALSE
q_107,mental_match,1,試合開始前にすごく緊張している時、最初に意識したいことは？,緊張するのは普通です。まずは「緊張していてOK」と受け入れるだけで楽になります。,"mental,easy,start",緊張していてOKと受け入れる,TRUE,緊張を消そうとする,FALSE,無理に笑う,FALSE,すぐ強打を打つ,FALSE
q_108,mental_match,1,試合の最初のポイントで意識したい目標は？,最初から決めにいかず、まず1本返すことを目標にすると気持ちが楽になります。,"mental,start",まず1本返す,TRUE,エースを狙う,FALSE,必ず前に出る,FALSE,強打する,FALSE
q_109,mental_match,1,ミスをした直後に一番大切な考え方は？,1ポイントで試合は決まりません。次の1本に集中しましょう。,"mental,miss",次の1本に集中する,TRUE,さっきのミスを引きずる,FALSE,無理に取り返す,FALSE,謝り続ける,FALSE
q_110,mental_match,1,相手が強そうに見えた時の正しい考え方は？,見た目ではなく、まず1ポイントずつ戦うことが大切です。,"mental,opponent",1ポイントずつ集中する,TRUE,最初から諦める,FALSE,強打で威嚇する,FALSE,守備だけにする,FALSE
q_111,mental_match,1,スコアで負けている時に意識したいことは？,次の1ポイントだけを考えるとプレッシャーが減ります。,"mental,score",次の1ポイントだけ考える,TRUE,残り全部考える,FALSE,逆転を急ぐ,FALSE,決め球だけ狙う,FALSE
q_112,mental_match,1,味方がミスを続けている時に良い声かけは？,責めずにポジティブな声かけをすることでペア全体が落ち着きます。,"mental,pair",ドンマイ、次いこう,TRUE,なんでミスしたの？,FALSE,無言,FALSE,ため息をつく,FALSE
q_113,mental_match,1,自分が連続ミスしてしまった時の対処は？,プレーをシンプルに戻し、まずはセンターへ返すことを意識しましょう。,"mental,miss",シンプルにセンターへ返す,TRUE,さらに攻める,FALSE,強打する,FALSE,前に出続ける,FALSE
q_114,mental_match,1,初大会で一番大切な目標は？,勝敗よりも「最後まで楽しんで経験すること」が最優先です。,"mental,goal",経験して楽しむ,TRUE,全勝する,FALSE,無失点,FALSE,全部決める,FALSE
q_115,mental_match,1,試合中に頭が真っ白になった時は？,ルーティンとして深呼吸してから構えると落ち着きやすいです。,"mental,routine",深呼吸する,TRUE,すぐ打つ,FALSE,味方を責める,FALSE,無理に攻める,FALSE
q_116,mental_match,1,相手のナイスショットで取られた時に大切なことは？,相手を褒めて切り替えるくらいの気持ちが大切です。,"mental,switch",切り替える,TRUE,落ち込む,FALSE,無理に取り返す,FALSE,焦る,FALSE
q_117,mental_match,2,試合前に緊張で手が震える時に有効なのは？,最初の数ポイントはシンプルなプレーに絞ると落ち着きやすいです。,"mental,start",シンプルに返球する,TRUE,いきなり攻める,FALSE,強打する,FALSE,スマッシュ狙い,FALSE
q_118,mental_match,2,ミスした後に「取り返そう」と思いすぎるとどうなりやすい？,さらにミスが増えやすくなります。まず平常運転に戻すことが大切です。,"mental,miss",さらにミスしやすい,TRUE,上手くなる,FALSE,相手が焦る,FALSE,問題ない,FALSE
q_119,mental_match,2,試合中に緊張で足が動かない時は？,まずはロブを使って時間を作り、自分を落ち着かせましょう。,"mental,tactics",ロブで時間を作る,TRUE,全部強打,FALSE,前に出続ける,FALSE,走らない,FALSE
q_120,mental_match,2,大事なポイントで緊張した時の考え方は？,特別視せず、いつもの1ポイントとして考えることが大切です。,"mental,pressure",いつもの1ポイントと考える,TRUE,絶対に決める,FALSE,全部攻める,FALSE,守備だけにする,FALSE
q_121,mental_match,2,味方が緊張している時に良いサポートは？,短くポジティブな言葉で安心感を与えましょう。,"mental,pair",大丈夫、いつも通りでいこう,TRUE,もっと攻めて,FALSE,なんで緊張してるの？,FALSE,無言,FALSE
q_122,mental_match,2,相手の連続ポイントで焦っている時は？,まず1本つなぐことに目標を戻しましょう。,"mental,score",1本つなぐ,TRUE,全部決める,FALSE,無理に前に出る,FALSE,強打する,FALSE
q_123,mental_match,2,試合中に「勝たなきゃ」と考えすぎるとどうなる？,プレーが硬くなりミスしやすくなります。,"mental,pressure",プレーが硬くなる,TRUE,上手くなる,FALSE,相手が焦る,FALSE,集中できる,FALSE
q_124,mental_match,2,大事な場面で一番避けたい思考は？,「ミスしたらどうしよう」と考えると体が止まりやすいです。,"mental,negative",ミスを恐れすぎる,TRUE,いつも通り打つ,FALSE,深呼吸する,FALSE,センターへ返す,FALSE
q_125,mental_match,2,初大会の緊張を和らげる一番良い考え方は？,みんな最初は緊張するので、自分だけではないと考えることです。,"mental,easy",みんな同じと考える,TRUE,自分だけ下手だと思う,FALSE,相手が上だと思う,FALSE,諦める,FALSE
q_126,mental_match,2,試合後に一番大切にしたい振り返りは？,勝敗より「何ができたか」を振り返ることで次につながります。,"mental,review",できたことを見る,TRUE,ミスだけ見る,FALSE,結果だけ見る,FALSE,反省しない,FALSE
q_127,rules,2,コート外プレイありのコートです。サーブがネットに当たった後、そのままサイドドアから外へ出ました。この場合どうなりますか？,コート外プレイが認められているコートでは、サーブがネットに当たった後にサイドドアから外へ出た場合はレット（やり直し）となります。,"rules,serve,let,outplay",レット（やり直し）,TRUE,フォルト,FALSE,相手の得点,FALSE,そのままイン,FALSE
q_128,rules,2,コート外プレイなしのコートです。サーブがネットに当たった後、そのままサイドドアの外へ出ました。この場合どうなりますか？,コート外プレイが認められていないコートでは、サーブがそのままコート外へ出た場合はフォルトとなります。,"rules,serve,fault",フォルト,TRUE,レット（やり直し）,FALSE,相手の得点,FALSE,そのままイン,FALSE
q_129,tournament_rules,2,タイブレークでは最初に何ポイント先取で勝利になりますか？,一般的なパデル大会では7ポイント先取ですが、2点差が必要です。大会要項で10ポイント制の場合もあります。,"tournament,tiebreak",7ポイント先取（2点差）,TRUE,6ポイント先取,FALSE,9ポイント先取,FALSE,10ポイント固定,FALSE
q_130,tournament_rules,2,タイブレークで6-6になった場合どうなりますか？,2点差がつくまで続行します。7-6では終了しません。,"tournament,tiebreak",2点差がつくまで続く,TRUE,次の1ポイントで終了,FALSE,引き分け,FALSE,再試合,FALSE
q_131,tournament_rules,2,タイブレークでは何ポイントごとにサーブが交代しますか？,最初の1ポイント後、その後は2ポイントごとにサーブが交代します。,"tournament,tiebreak,serve",最初1ポイント、その後2ポイントごと,TRUE,毎ポイント,FALSE,毎ゲーム,FALSE,3ポイントごと,FALSE
q_132,tournament_rules,2,タイブレークでチェンジコートはいつ行いますか？,6ポイントごとにチェンジコートを行います。,"tournament,tiebreak,change",6ポイントごと,TRUE,毎3ポイント,FALSE,毎ゲーム,FALSE,試合終了時のみ,FALSE
q_133,tournament_rules,2,ゲームカウント6-6になった場合、一般的にはどうなりますか？,多くの大会ではタイブレークに入りますが、大会形式によって異なります。,"tournament,score",タイブレークに入る,TRUE,そのまま続く,FALSE,試合終了,FALSE,引き分け,FALSE
q_134,tournament_rules,2,サーブ順を途中で間違えて進めてしまい、数ポイント後に気づきました。どうしますか？,気づいた時点で正しい順番に戻し、すでに終わったポイントは通常そのまま有効です。,"tournament,serve",正しい順番に戻す,TRUE,そのゲームをやり直す,FALSE,相手に1ゲーム入る,FALSE,試合終了,FALSE
q_135,tournament_rules,2,チェンジコート時に長く休憩しすぎるとどうなりますか？,大会によってはタイムバイオレーションや注意を受ける場合があります。,"tournament,time",注意されることがある,TRUE,問題ない,FALSE,失点,FALSE,試合終了,FALSE
q_136,tournament_rules,2,ボールが破損していることに気づいた場合どうしますか？,ポイント開始前に相手や運営に確認し交換します。,"tournament,ball",交換を確認する,TRUE,そのまま使う,FALSE,自分だけ交換する,FALSE,相手に渡す,FALSE
q_137,tournament_rules,2,試合開始時間に遅れそうな場合どうするのが適切ですか？,早めに運営へ連絡することが重要です。無断遅刻は失格の可能性があります。,"tournament,manner",運営へ連絡する,TRUE,何もしない,FALSE,相手にだけ連絡,FALSE,試合後に謝る,FALSE
q_138,tournament_rules,2,大会で使うボールは基本的にどう決まりますか？,大会主催者が指定した公式球を使用することが一般的です。,"tournament,ball",主催者指定球,TRUE,自分のボール,FALSE,相手のボール,FALSE,どれでもよい,FALSE
q_139,tournament_rules,2,相手ペアがスコアを間違えてコールしている時はどうしますか？,落ち着いて確認し、合意してから次のポイントを始めます。,"tournament,score",その場で確認する,TRUE,無視して続ける,FALSE,抗議する,FALSE,相手の失点,FALSE
q_140,tournament_rules,2,雨などで試合続行が危険な場合どうしますか？,運営や審判の判断を仰ぎ、安全を優先します。,"tournament,safety",運営判断を仰ぐ,TRUE,自己判断で続ける,FALSE,試合放棄,FALSE,相手に任せる,FALSE
q_141,tournament_rules,2,隣コートからのボール侵入でプレーが止まりました。どうなりますか？,一般的にはレットでそのポイントをやり直します。,"tournament,let",やり直し,TRUE,相手の失点,FALSE,自分の失点,FALSE,続行,FALSE
q_142,tournament_rules,2,タイブレーク中にサーブ側を間違えた場合どうしますか？,気づいた時点で正しいサイド・順番に戻します。,"tournament,tiebreak",正しい位置に戻す,TRUE,最初からやり直す,FALSE,そのまま続ける,FALSE,相手の得点,FALSE
q_143,tournament_rules,2,試合中にトイレへ行きたくなった場合どうしますか？,チェンジコート時などに相手へ一声かけ、必要なら運営に確認します。,"tournament,manner",相手に一声かける,TRUE,無言で離れる,FALSE,試合終了まで我慢,FALSE,失点になる,FALSE
q_144,tournament_rules,2,大会でウェア規定がある場合、最も大切なのは？,大会要項を事前に確認しておくことです。,"tournament,manner",要項確認,TRUE,好きな服で行く,FALSE,相手に合わせる,FALSE,運営任せ,FALSE
q_145,tournament_rules,2,相手が棄権した場合どうなりますか？,通常は自分たちの勝利となります。大会形式により扱いは異なります。,"tournament,walkover",自分たちの勝利,TRUE,引き分け,FALSE,再試合,FALSE,無効,FALSE
q_146,tournament_rules,2,試合前の練習時間が終わったのに打ち続けてしまいました。これは？,進行の妨げになるためマナー違反です。時間を守りましょう。,"tournament,manner",よくないマナー,TRUE,問題ない,FALSE,失点,FALSE,相手の得点,FALSE
q_147,tournament_rules,2,大会形式がリーグ戦の場合、一番大切なことは？,勝敗だけでなく得失ゲーム差が影響する場合があります。,"tournament,league",ゲーム差も意識する,TRUE,1試合だけ勝てばよい,FALSE,強打する,FALSE,引き分け狙い,FALSE
q_148,tournament_rules,2,試合終了後にスコア報告は誰が行うことが多いですか？,大会によって異なりますが、勝者側が報告するケースが多いです。,"tournament,report",勝者側が多い,TRUE,敗者側が多い,FALSE,運営のみ,FALSE,報告不要,FALSE
q_149,shot_tactics,1,相手がネット前にいて足元が空いている時に有効なショットは？,相手に下から打たせることで主導権を取りやすくなります。,"shots,tactics,chiquita",チキータ,TRUE,高いロブ,FALSE,スマッシュ,FALSE,サーブ,FALSE
q_150,shot_tactics,1,相手のロブが少し浅い時、まず選びやすいショットは？,無理に強打せず、バンデッハでつないで前を維持するのが基本です。,"shots,tactics,bandeja",バンデッハ,TRUE,フルスマッシュ,FALSE,チキータ,FALSE,レボテ,FALSE
q_151,shot_tactics,1,「グロッボ（Globo）」の高さで大切なのはどれですか？,高く深く上げることで相手を後ろへ下げやすくなります。,"shots,tactics,lob",高く深く上げる,TRUE,低く速く打つ,FALSE,ネットすれすれ,FALSE,無回転,FALSE
q_152,shot_tactics,1,「レボテ」を使う基本場面はどれですか？,自分コートで1バウンド後に壁から返ってきた球を返球する時に使います。,"shots,tactics,rebote",壁から返った球を打つ時,TRUE,サーブ時,FALSE,スマッシュ時,FALSE,ネット前のみ,FALSE
q_153,shot_tactics,1,相手のロブが深い時に無理にスマッシュするとどうなりやすいですか？,体勢が崩れてミスやカウンターを受けやすくなります。,"shots,tactics,mistake",ミスしやすい,TRUE,得点しやすい,FALSE,必ず入る,FALSE,スピードが上がる,FALSE
q_154,shot_tactics,1,相手が後ろに下がっている時に有効な考え方は？,短い球で前後に揺さぶると効果的です。,"shots,tactics",前後に揺さぶる,TRUE,さらに深く下げる,FALSE,強打のみ,FALSE,全部ロブ,FALSE
q_155,shot_tactics,1,「ビボラ」はどんな時に特に有効ですか？,相手が守備位置で低い返球を強いられる場面です。,"shots,tactics,vibora",低く滑らせたい時,TRUE,高く上げたい時,FALSE,守備だけ,FALSE,サーブ時,FALSE
q_156,shot_tactics,1,味方がロブを上げた後の基本戦術は？,2人でネットへ前進して主導権を取ります。,"shots,tactics,net",2人で前に出る,TRUE,その場に残る,FALSE,後ろに下がる,FALSE,片方だけ出る,FALSE
q_157,shot_tactics,1,相手の足元に沈めたい時に意識することは？,高く浮かせず低くコントロールすることです。,"shots,tactics,control",低く打つ,TRUE,高く打つ,FALSE,速さだけ,FALSE,回転なし,FALSE
q_158,shot_tactics,1,スマッシュを打つ時に一番見たいものは？,相手の立ち位置と空いているスペースです。,"shots,tactics,attack",相手の位置,TRUE,ネットだけ,FALSE,天井,FALSE,味方の足元,FALSE
q_159,shot_tactics,2,相手がロブを待っている時に有効なショットは？,足元へのチキータが有効です。,"shots,tactics,chiquita",チキータ,TRUE,さらにロブ,FALSE,サーブ,FALSE,レボテ,FALSE
q_160,shot_tactics,2,「バハーダ・デ・パレード」はどんな意味ですか？,壁から落ちてくる球を攻撃的に打つショットです。,"shots,tactics,bajada",壁からの攻撃ショット,TRUE,高いロブ,FALSE,低いボレー,FALSE,守備用ロブ,FALSE
q_161,shot_tactics,2,相手が2人とも後ろにいる時に有効な戦術は？,前に短く落として前後に揺さぶります。,"shots,tactics",短く落とす,TRUE,さらに深いロブ,FALSE,強打のみ,FALSE,全部センター,FALSE
q_162,shot_tactics,2,守備時にロブを使う主な目的は？,時間を作って自分たちの体勢を整えることです。,"shots,tactics,lob",時間を作る,TRUE,一発で決める,FALSE,壁に当てる,FALSE,相手を怒らせる,FALSE
q_163,shot_tactics,2,相手が前に詰めてきた時に一番避けたいのは？,真正面への速い球はボレーされやすいです。,"shots,tactics,mistake",真正面への強打,TRUE,ロブ,FALSE,足元,FALSE,センター,FALSE
q_164,shot_tactics,2,「ポル・トレス」で大切なのは何ですか？,横方向に抜ける角度と威力です。,"shots,tactics,portres",横方向の抜け,TRUE,高さだけ,FALSE,速さだけ,FALSE,ロブの深さ,FALSE
q_165,shot_tactics,2,相手が壁際にいる時に有効な考え方は？,壁からの返球しにくい位置へ沈めることです。,"shots,tactics",返しにくい位置を狙う,TRUE,中央だけ狙う,FALSE,ロブのみ,FALSE,強打のみ,FALSE
q_166,shot_tactics,2,バンデッハを選ぶ最大の理由は？,攻撃しつつ前を維持できるからです。,"shots,tactics,bandeja",前を維持するため,TRUE,速いから,FALSE,簡単だから,FALSE,守備専用だから,FALSE
q_167,shot_tactics,2,相手が低い球を苦手そうな時に有効なのは？,ビボラや低いボレーで崩しやすいです。,"shots,tactics,vibora",低い球を使う,TRUE,高いロブ,FALSE,スマッシュ,FALSE,サーブ,FALSE
q_168,shot_tactics,2,初心者がまず覚えると試合で一番使いやすい組み合わせは？,ロブ→前へ出る、の流れが最重要です。,"shots,tactics,basic",ロブ→前へ出る,TRUE,スマッシュ連打,FALSE,壁待ち,FALSE,サーブ強打,FALSE
q_169,first_tournament,1,初大会で最初に一番起こりやすいことは？,多くの人が最初の数ポイントでかなり緊張します。まずは普通です。,"first,common,mental",緊張で体が固くなる,TRUE,すぐ絶好調,FALSE,全く緊張しない,FALSE,最初から強打できる,FALSE
q_170,first_tournament,1,サーブ前に初心者がよくやるあるあるは？,サーブ順やサイドを一瞬忘れるのは本当によくあります。,"first,common,serve",サーブ順を確認する,TRUE,すぐ打てる,FALSE,毎回覚えている,FALSE,サーブしない,FALSE
q_171,first_tournament,1,最初の1ゲームでよくあることは？,力みすぎて普段よりミスしやすくなります。,"first,common,start",普段よりミスする,TRUE,絶好調になる,FALSE,無失点,FALSE,全部決まる,FALSE
q_172,first_tournament,1,初大会で相手が強そうに見えた時のあるあるは？,見た目や雰囲気だけで圧倒されやすいです。,"first,common,mental",強そうに見えて焦る,TRUE,すぐ勝てると思う,FALSE,気にしない,FALSE,無視する,FALSE
q_173,first_tournament,1,スコアでよく起こるあるあるは？,緊張で今何点か分からなくなることがあります。,"first,common,score",スコアを忘れる,TRUE,全部覚えている,FALSE,相手が忘れる,FALSE,点数を見ない,FALSE
q_174,first_tournament,1,味方とのあるあるは？,初ペアだと遠慮して真ん中のボールを譲り合いがちです。,"first,common,pair",真ん中で譲り合う,TRUE,全部自分で取る,FALSE,ぶつかる,FALSE,無言,FALSE
q_175,first_tournament,1,ロブでよくあることは？,緊張で浅くなりやすいです。,"first,common,lob",ロブが浅くなる,TRUE,毎回完璧,FALSE,全部深い,FALSE,打たない,FALSE
q_176,first_tournament,1,ネット前でよくあるあるは？,相手が近いと怖く感じて下がりすぎることがあります。,"first,common,net",怖くて下がる,TRUE,すぐ前に出る,FALSE,動かない,FALSE,強打する,FALSE
q_177,first_tournament,1,ミスした時によくある気持ちは？,「やってしまった」と引きずりやすいです。,"first,common,mental",引きずる,TRUE,すぐ忘れる,FALSE,怒る,FALSE,笑う,FALSE
q_178,first_tournament,1,チェンジコートでよくあるあるは？,次どちら側か一瞬迷うことがあります。,"first,common,change",立ち位置に迷う,TRUE,毎回完璧,FALSE,相手に聞かない,FALSE,止まる,FALSE
q_179,first_tournament,2,相手のナイスショットでよくあるあるは？,「うまい…」と気持ちが持っていかれやすいです。,"first,common,mental",圧倒される,TRUE,無視する,FALSE,笑う,FALSE,強打する,FALSE
q_180,first_tournament,2,試合前アップでよくあるあるは？,普段より打ちすぎて疲れてしまうことがあります。,"first,common,warmup",アップで打ちすぎる,TRUE,全く打たない,FALSE,完璧に調整,FALSE,走らない,FALSE
q_181,first_tournament,2,試合中によくあるあるは？,いつもより壁が使えなくなることがあります。,"first,common,wall",壁を使うのを忘れる,TRUE,完璧に使える,FALSE,全部壁待ち,FALSE,前に出る,FALSE
q_182,first_tournament,2,味方への声かけでよくあるあるは？,自分も緊張していて声が少なくなりがちです。,"first,common,pair",声が減る,TRUE,ずっと話す,FALSE,怒る,FALSE,指示し続ける,FALSE
q_183,first_tournament,2,負けている時によくあるあるは？,一発逆転を狙って無理しやすいです。,"first,common,mental",無理に決めにいく,TRUE,丁寧に続ける,FALSE,ロブだけ打つ,FALSE,止まる,FALSE
q_184,first_tournament,2,勝っている時によくあるあるは？,安心して雑になりやすいです。,"first,common,mental",雑になる,TRUE,さらに丁寧になる,FALSE,止まる,FALSE,強打しない,FALSE
q_185,first_tournament,2,大事なポイントでよくあるあるは？,急にいつもと違うプレーをしたくなります。,"first,common,pressure",普段しないプレーをする,TRUE,いつも通り,FALSE,ロブだけ,FALSE,全部強打,FALSE
q_186,first_tournament,2,試合後によくある気持ちは？,もっとできたかもと思いながらも経験になったと感じます。,"first,common,after",経験になったと思う,TRUE,何も思わない,FALSE,すぐ忘れる,FALSE,怒る,FALSE
q_187,first_tournament,2,初大会で一番よく聞く感想は？,思ったより緊張した、でも楽しかったという声がとても多いです。,"first,common,after",緊張したけど楽しかった,TRUE,全く緊張しなかった,FALSE,簡単だった,FALSE,疲れなかった,FALSE
q_188,first_tournament,2,初大会を終えた後に一番大切なのは？,勝敗よりも経験したこと自体に価値があります。,"first,common,growth",出たこと自体が価値,TRUE,勝てなければ意味がない,FALSE,ミスだけ反省,FALSE,次は出ない,FALSE
q_189,decision_mistake,1,相手が2人ともネットにいる時、初心者が最もやりがちな判断ミスは？,相手がネットにいる時に真正面へ速い球を打つと、ボレーで返されやすいです。まずはロブが基本です。,"decision,mistake,lob",真正面に強打する,TRUE,ロブを上げる,FALSE,足元に沈める,FALSE,センターに返す,FALSE
q_190,decision_mistake,1,ボールが壁際に深く入った時に多い判断ミスは？,壁を使えば返せるのに、早く触ろうとしてミスしやすいです。,"decision,mistake,wall",壁を待たずに打つ,TRUE,壁を使う,FALSE,ロブを上げる,FALSE,味方に任せる,FALSE
q_191,decision_mistake,1,味方との真ん中のボールで多い判断ミスは？,声を出さずに譲り合って落としやすいです。,"decision,mistake,pair",譲り合って落とす,TRUE,声を出して取る,FALSE,全部自分で行く,FALSE,止まる,FALSE
q_192,decision_mistake,1,相手の浅いロブに対して多い判断ミスは？,すぐに強打したくなりますが、まず確実に返す判断が大切です。,"decision,mistake,smash",無理に強打する,TRUE,確実に返す,FALSE,ロブで返す,FALSE,センターに返す,FALSE
q_193,decision_mistake,1,自分たちが後ろにいる時の多い判断ミスは？,無理に前へ出ようとして逆に抜かれやすいです。,"decision,mistake,position",無理に前へ出る,TRUE,まずつなぐ,FALSE,ロブを使う,FALSE,横並びを保つ,FALSE
q_194,decision_mistake,1,ネット前で多い判断ミスは？,決め急いで強打しすぎるとアウトが増えます。,"decision,mistake,volley",決め急ぐ,TRUE,つなぐ意識,FALSE,ロブを待つ,FALSE,センターへ返す,FALSE
q_195,decision_mistake,2,相手が強打してきた時の判断ミスは？,振りにいきすぎてミスしやすいです。面を合わせる方が安定します。,"decision,mistake,defense",振りにいく,TRUE,面を合わせる,FALSE,ロブを打つ,FALSE,壁を待つ,FALSE
q_196,decision_mistake,2,相手がロブを多用する時の判断ミスは？,毎回スマッシュを狙って自滅しやすいです。,"decision,mistake,bandeja",毎回スマッシュする,TRUE,バンデッハでつなぐ,FALSE,ロブで返す,FALSE,センターに返す,FALSE
q_197,decision_mistake,2,相手が前に詰めてきた時の判断ミスは？,焦って低い球を強打しネットしやすいです。,"decision,mistake,pressure",焦って強打する,TRUE,ロブで時間を作る,FALSE,センターに返す,FALSE,足元を狙う,FALSE
q_198,decision_mistake,2,味方がロブを上げた後の判断ミスは？,そのまま後ろに残ると前を取れません。,"decision,mistake,net",前に出ない,TRUE,2人で前に詰める,FALSE,横に広がる,FALSE,止まる,FALSE
q_199,decision_mistake,2,浅いチャンスボールで多い判断ミスは？,角度をつけすぎてアウトしやすいです。,"decision,mistake,attack",角度をつけすぎる,TRUE,センターを狙う,FALSE,足元へ打つ,FALSE,ロブを使う,FALSE
q_200,decision_mistake,2,コーナーのボールで多い判断ミスは？,壁の跳ね返りを読まずに突っ込みやすいです。,"decision,mistake,doble",先に動きすぎる,TRUE,跳ね返りを見る,FALSE,味方に任せる,FALSE,ロブで返す,FALSE
q_201,decision_mistake,2,相手の足元を狙う場面で多い判断ミスは？,高く浮かせて逆に相手のチャンスにしてしまいます。,"decision,mistake,volley",高く浮かせる,TRUE,低く沈める,FALSE,ロブを上げる,FALSE,強打する,FALSE
q_202,decision_mistake,2,相手が守備位置の時の判断ミスは？,一発で決めようとしすぎて自滅しやすいです。,"decision,mistake,mental",決め急ぐ,TRUE,前を取る,FALSE,センターに返す,FALSE,ロブを使う,FALSE
q_203,decision_mistake,2,負けている時の判断ミスは？,一発逆転を狙ってプレーが雑になりやすいです。,"decision,mistake,mental",一発逆転狙い,TRUE,1ポイントずつ,FALSE,守備だけ,FALSE,ロブだけ,FALSE
q_204,decision_mistake,2,勝っている時の判断ミスは？,安心して集中力が落ちやすいです。,"decision,mistake,mental",雑になる,TRUE,丁寧に続ける,FALSE,強打する,FALSE,前に出る,FALSE
q_205,decision_mistake,2,味方がミスした直後に多い判断ミスは？,自分が無理に取り返そうとしてさらにミスしやすいです。,"decision,mistake,pair",無理に取り返す,TRUE,いつも通り続ける,FALSE,ロブを使う,FALSE,守備に戻る,FALSE
q_206,decision_mistake,2,大事なポイントで多い判断ミスは？,普段しないプレーを急に選びやすいです。,"decision,mistake,pressure",普段しないプレー,TRUE,いつも通り,FALSE,強打,FALSE,ロブのみ,FALSE
q_207,decision_mistake,2,相手がミスしそうな時の判断ミスは？,見てしまって自分の準備が遅れやすいです。,"decision,mistake,focus",相手を見すぎる,TRUE,自分の準備,FALSE,前に出る,FALSE,止まる,FALSE
q_208,decision_mistake,2,試合終盤で多い判断ミスは？,焦って決め急ぎやすいです。最後ほど丁寧さが大切です。,"decision,mistake,end",決め急ぐ,TRUE,丁寧に続ける,FALSE,ロブだけ,FALSE,強打する,FALSE
q_209,shot_tactics,1,「グロッボ（Globo）」を使う一番大きな目的はどれですか？,相手を後ろに下げて、自分たちがネットポジションを取るのが最大の目的です。,"shots,tactics,lob",相手を下げて前を取る,TRUE,一発で決める,FALSE,時間を稼ぐだけ,FALSE,壁に当てる,FALSE
q_210,shot_tactics,1,「バンデッハ（Bandeja）」を打つ主な場面は？,相手のロブに対して、ネットポジションを維持しながらつなぐ時に使います。,"shots,tactics,bandeja",相手のロブに対して前を維持する時,TRUE,チャンスボールを決める時,FALSE,守備で壁際の時,FALSE,サーブ時,FALSE
q_211,shot_tactics,1,「ビボラ（Víbora）」の特徴はどれですか？,横回転をかけて低く滑らせ、相手に打ちづらい返球をさせるショットです。,"shots,tactics,vibora",横回転で低く滑らせる,TRUE,高く山なりに上げる,FALSE,無回転で落とす,FALSE,壁に強く当てる,FALSE
q_212,shot_tactics,1,「チキータ（Chiquita）」を使う狙いは？,相手の足元へ落として、下から打たせることで自分たちが前に出やすくします。,"shots,tactics,chiquita",相手に下から打たせる,TRUE,一発で抜く,FALSE,ロブを上げる,FALSE,時間を稼ぐ,FALSE
q_213,shot_tactics,1,「レマテ（Remate）」とは何ですか？,スマッシュ全般を指す用語です。,"shots,tactics,smash",スマッシュ全般,TRUE,ロブ,FALSE,ボレー,FALSE,サーブ,FALSE
q_214,shot_tactics,1,「バハーダ・デ・パレード」はどんなショットですか？,壁から高く返ってきたボールを上から攻撃的に打ち下ろします。,"shots,tactics,bajada",壁からの高い球を打ち下ろす,TRUE,壁際をロブで返す,FALSE,低い球をすくう,FALSE,サーブの一種,FALSE
q_215,shot_tactics,2,ロブが浅くなった時、相手が選びやすいショットは？,浅いロブはスマッシュやビボラのチャンスになりやすいです。,"shots,tactics,lob",スマッシュ,TRUE,チキータ,FALSE,ドロップ,FALSE,サーブ,FALSE
q_216,shot_tactics,2,守備時に壁を使って返す基本ショットは？,レボテが基本です。壁の跳ね返りを利用します。,"shots,tactics,rebote",レボテ,TRUE,バンデッハ,FALSE,ビボラ,FALSE,チキータ,FALSE
q_217,shot_tactics,2,ネット前でつなぐ時に使う基本ショットは？,ボレーが基本です。攻め急がずつなぐ意識が大切です。,"shots,tactics,volley",ボレー,TRUE,ロブ,FALSE,スマッシュ,FALSE,レボテ,FALSE
q_218,shot_tactics,2,相手が前にいる時に有効なショットは？,足元へのチキータやロブが有効です。,"shots,tactics",チキータ,TRUE,強打のみ,FALSE,壁打ち,FALSE,サーブ,FALSE
q_219,shot_tactics,2,「ポル・トレス」が成立するショットは？,スマッシュが横側3mフェンスを越えて外に出るショットです。,"shots,tactics,portres",横へ3mを越えるスマッシュ,TRUE,ロブ,FALSE,ボレー,FALSE,サーブ,FALSE
q_220,shot_tactics,2,「ポル・クアトロ」が成立するショットは？,後方4mを越えて外へ飛び出す強力なスマッシュです。,"shots,tactics,porcuatro",後方4mを越えるスマッシュ,TRUE,ロブ,FALSE,レボテ,FALSE,チキータ,FALSE
q_221,shot_tactics,2,相手の足元を攻める時に使う基本ショットは？,チキータや低いボレーが有効です。,"shots,tactics,feet",チキータ,TRUE,高いロブ,FALSE,バハーダ,FALSE,サーブ,FALSE
q_222,shot_tactics,2,相手のロブに毎回スマッシュするのが危険な理由は？,ミスやカウンターを受けやすく、前を維持できないからです。,"shots,tactics,bandeja",ミスしやすいから,TRUE,点が入らないから,FALSE,ルール違反,FALSE,遅いから,FALSE
q_223,shot_tactics,2,初心者がまず覚えたい攻守の基本ショットは？,ロブ・ボレー・レボテの3つが最重要です。,"shots,tactics,basic",ロブ・ボレー・レボテ,TRUE,スマッシュだけ,FALSE,サーブだけ,FALSE,ビボラだけ,FALSE
q_224,shot_tactics,2,ロブの深さが大切な理由は？,浅いと相手にスマッシュされやすいからです。,"shots,tactics,lob",相手に打たれやすいから,TRUE,速くなるから,FALSE,壁に当たるから,FALSE,見やすいから,FALSE
q_225,shot_tactics,2,ビボラを使う一番の目的は？,低く滑らせて相手を崩すことです。,"shots,tactics,vibora",相手を崩す,TRUE,時間を作る,FALSE,ロブ代わり,FALSE,サーブ強化,FALSE
q_226,shot_tactics,2,バンデッハとビボラの共通目的は？,前を維持して主導権を持つことです。,"shots,tactics",前を維持する,TRUE,一発で決める,FALSE,守備だけ,FALSE,壁を使う,FALSE
q_227,shot_tactics,2,守備から攻撃へ切り替えるきっかけになりやすいショットは？,ロブやチキータが攻守の切り替えの基本です。,"shots,tactics,transition",ロブ,TRUE,スマッシュ,FALSE,サーブ,FALSE,壁打ち,FALSE
q_228,shot_tactics,2,初心者が試合で最も多く使うべきショットは？,ロブは最重要ショットの一つで、試合の流れを変えます。,"shots,tactics,basic",ロブ,TRUE,スマッシュ,FALSE,ビボラ,FALSE,バハーダ,FALSE